dateOperation;natureOperation
2005;Diagnostic
1868;Découverte ancienne
1861;Découverte ancienne
1864;Découverte ancienne
1908;Découverte ancienne
1900;Découverte ancienne
2014;Fouille
1953;Découverte ancienne
2013;Diagnostic
1868;Découverte ancienne
1992;Sondage
1980;Sondage
1884;Découverte ancienne
1906;Découverte ancienne
1997;Diagnostic
2000;Diagnostic
;Découverte ancienne
1901;Découverte ancienne
1904;Découverte ancienne
2017;Sondage
1887;Découverte ancienne
1885-1886;Découverte ancienne
1844;Découverte ancienne
;Découverte ancienne
2019;Diagnostic
1844;Découverte ancienne
;Découverte ancienne
1915;Découverte ancienne
2017;Fouille
;Découverte ancienne
1882;Découverte ancienne
1896;Découverte ancienne
1924;Découverte ancienne
1906;Découverte ancienne
1851;Découverte ancienne
1928-1930;Découverte ancienne
;Découverte ancienne
1904;Découverte ancienne
1901;Découverte ancienne
1899;
2014;Fouille
1902;Découverte ancienne
;Découverte ancienne
1898;Découverte ancienne
1893;Découverte ancienne
1993;Diagnostic
2015;Diagnostic
1847;Découverte ancienne
1845 ?;Découverte ancienne
1914;Découverte ancienne
1925;Découverte ancienne
1896;Découverte ancienne
1914;Découverte ancienne
1935;Découverte ancienne
1934;Découverte ancienne
1931 - 1932;Découverte ancienne
1941;Découverte ancienne
"1914 ; 1915 ; 1916";Découverte ancienne
1960;Sondage
1957;Sauvetage urgent
1957;
1959;
1973;Suivi de travaux
1981;Sauvetage urgent
1974;
1964;
1969;
1971;Fouille
1973;
1972;Découverte ancienne
1983;Sauvetage urgent
1994;Diagnostic
1991 - 1992;Sauvetage urgent
2006;Étude documentaire
1927;Découverte ancienne
1994;Diagnostic
1860;Découverte ancienne
1903 - 1905;Découverte ancienne
;Découverte ancienne
1994;Diagnostic
1928;Découverte ancienne
1997;Autres études
2002;Sauvetage urgent
1983;Autres études
2005;Diagnostic
1991;Sauvetage urgent
1997;Diagnostic
1862;Découverte ancienne
1873 - 1874;Découverte ancienne
1886;Découverte ancienne
1640;Découverte ancienne
1891;Découverte ancienne
1861;Découverte ancienne
1902;Suivi de travaux
1995;Diagnostic
2000;Fouille
1928-1930;
2000;Diagnostic
2015;Fouille
1861;Découverte ancienne
2013 - 2014;Sondage
1927;Découverte ancienne
1935;Découverte ancienne
1924;
1935;
1929;Découverte ancienne
1930;
1930;
1956;Suivi de travaux
1981-1983;Sauvetage urgent
1982-1983;
1978;Suivi de travaux
1975;Sauvetage urgent
1975;Suivi de travaux
1993;Diagnostic
1976;Suivi de travaux
1983;Sauvetage urgent
1976;Suivi de travaux
1983;Suivi de travaux
1983;
1989;Fouille
1989;Diagnostic
1994;Diagnostic
1892 - 1895;Découverte ancienne
1867;Découverte ancienne
1989 - 1990;Fouille
1898;Découverte ancienne
;Découverte ancienne
1898 - 1899;Découverte ancienne
2015;Diagnostic
1927;Découverte ancienne
1999;Diagnostic
2018;Sondage
2006;Diagnostic
1993;Diagnostic
2004;Fouille
1867-1868;Découverte ancienne
2007;Fouille
;Découverte ancienne
1990;Sondage
"1921 ; 1922";Découverte ancienne
1922-1923;Découverte ancienne
1882;Découverte ancienne
1962;Découverte ancienne
1898;Découverte ancienne
1981;
1880;Découverte ancienne
1996;Diagnostic
1874;Découverte ancienne
1916;Découverte ancienne
1869;Découverte ancienne
1873;Découverte ancienne
;Découverte ancienne
1863;Découverte ancienne
1868;Découverte ancienne
1859;Découverte ancienne
1868;Découverte ancienne
1902;Découverte ancienne
1914 - 1915;Découverte ancienne
1902;Découverte ancienne
2015;Suivi de travaux
1909;Découverte ancienne
1901;Découverte ancienne
1994;Diagnostic
1853;Découverte ancienne
2014;Sondage
1999;Sauvetage urgent
1999;Évaluation archéologique
1735;Découverte ancienne
1912;Découverte ancienne
1868;Découverte ancienne
2005;Étude documentaire
1997;Diagnostic
;Découverte ancienne
1898;Découverte ancienne
1866;Découverte ancienne
1997;Diagnostic
2008;Diagnostic
1801 - 1811;Découverte ancienne
2015;Fouille
1884;Découverte ancienne
1993;Sondage
;Découverte ancienne
1913;Découverte ancienne
1844;Découverte ancienne
1900;Découverte ancienne
;Découverte ancienne
1900;Découverte ancienne
1873-1874;Découverte ancienne
2006;Étude documentaire
2017;Diagnostic
1909;Découverte ancienne
1843 c.;Découverte ancienne
1911;Découverte ancienne
2002;Diagnostic
;Diagnostic
1994;Diagnostic
1903;Découverte ancienne
1840;Découverte ancienne
1903;Découverte ancienne
1862;Découverte ancienne
;Découverte ancienne
1968;Découverte fortuite
1938;Découverte ancienne
1907;Découverte ancienne
1914;Découverte ancienne
1844;Découverte ancienne
1885;Suivi de travaux
1899;Découverte ancienne
2006;Diagnostic
1855 et 1867;Découverte ancienne
1999;Évaluation archéologique
1903;Découverte ancienne
;Découverte ancienne
1880-1882;Découverte ancienne
2016;Diagnostic
1999;Diagnostic
1899;Découverte ancienne
1829;Découverte ancienne
2019 - 2020;Diagnostic
1901;Découverte ancienne
1898;Découverte ancienne
1894;Découverte ancienne
1921;Découverte ancienne
1868;Découverte ancienne
1900;Découverte ancienne
1867;Découverte ancienne
1895;Découverte ancienne
1905;Découverte ancienne
1911;Découverte ancienne
1928;
2014;Sondage
1911;Découverte ancienne
1880;Découverte ancienne
1912;Découverte ancienne
1927;Découverte ancienne
1912;Découverte ancienne
1898;Découverte ancienne
1927;Découverte ancienne
2016;Fouille
1935;Découverte ancienne
1924;Découverte ancienne
1925-1926;Suivi de travaux
1855;Découverte ancienne
1933;Découverte ancienne
1894;Découverte ancienne
"1922 ; 1923 ; 1924 ; 1925";Suivi de travaux
1900;Découverte ancienne
1924;Découverte ancienne
1845;Découverte ancienne
1940;
1897;Découverte ancienne
1934;
1854 - 1855;Découverte ancienne
1961;Suivi de travaux
1861;Découverte ancienne
1964;Découverte ancienne
;Découverte ancienne
1956;
1954;Découverte ancienne
1960;
1957;Suivi de travaux
1960;
1963;Découverte ancienne
1977-1978;
1994;Sondage
1995;Diagnostic
1988;Suivi de travaux
1988;Découverte fortuite
1909;Découverte ancienne
;Découverte ancienne
2010;Diagnostic
1993;Diagnostic
1897;Découverte ancienne
2016;Diagnostic
2009;Fouille
1960;
1924;Découverte ancienne
1989;Sondage
2007;Suivi de travaux
2015;Fouille
1995;Diagnostic
1906;Découverte ancienne
1873;Découverte ancienne
1873;Découverte ancienne
1841;Découverte ancienne
1844;Découverte ancienne
2015;Diagnostic
2015;Suivi de travaux
;Découverte ancienne
1902;Découverte ancienne
1874;Découverte ancienne
;Découverte ancienne
1806;Découverte ancienne
1853;Découverte ancienne
1996;Diagnostic
2007;Sondage
2009;Suivi de travaux
1915;Découverte ancienne
1862;Découverte ancienne
1846;Découverte ancienne
;Découverte ancienne
1980;Sondage
;Découverte ancienne
1758;Découverte ancienne
1886;Découverte ancienne
2008;Diagnostic
2003;Diagnostic
1865;Découverte ancienne
1717;Découverte ancienne
1800;Découverte ancienne
1873;Découverte ancienne
1844;Découverte ancienne
;Découverte ancienne
2016;Diagnostic
1898;Découverte ancienne
1877;Découverte ancienne
1875;Découverte ancienne
2015;Suivi de travaux
1898;Découverte ancienne
1911;Découverte ancienne
2016;Diagnostic
;Découverte ancienne
1993;Diagnostic
1912;Découverte ancienne
1849;Découverte ancienne
2002;Diagnostic
2006;Étude documentaire
1872;Découverte ancienne
1880;Découverte ancienne
;Découverte ancienne
1912;Découverte ancienne
1923 - 1927;Découverte ancienne
1927;Découverte ancienne
1922;Découverte ancienne
1922;
1924;Étude documentaire
1904;Découverte ancienne
1920;Découverte ancienne
1967;
1956;Fouille
1978;Suivi de travaux
1960;Suivi de travaux
1975;Découverte ancienne
1977;Suivi de travaux
;
1976;Sauvetage urgent
1980;Suivi de travaux
1986;Sauvetage urgent
1988;
1985 - 1986;Sauvetage urgent
2000;Sauvetage urgent
1907;
2015;Diagnostic
2008;Diagnostic
2004;Sauvetage urgent
1922;Découverte ancienne
1925;Découverte ancienne
1992;Suivi de travaux
2007;Suivi de travaux
1876;Découverte ancienne
2019;Diagnostic
1844;Découverte ancienne
1897;Découverte ancienne
1899;Découverte ancienne
1994;Diagnostic
;Découverte ancienne
1921;
2020;Diagnostic
1904;Découverte ancienne
1986;Sauvetage urgent
1884;Découverte ancienne
1926;Découverte ancienne
2000;Suivi de travaux
1997;Diagnostic
1995;Sondage
1848;Découverte ancienne
1898;Découverte ancienne
;Découverte ancienne
1994;Étude documentaire
1885;Découverte ancienne
1867-1868?;Découverte ancienne
;Découverte ancienne
1868;Découverte ancienne
1844;Découverte ancienne
1756;Découverte ancienne
1896;Découverte ancienne
1883;Découverte ancienne
2001;Suivi de travaux
2006;Diagnostic
2016;Suivi de travaux
1737;Découverte ancienne
1753;Découverte ancienne
1872;Découverte ancienne
1901;Découverte ancienne
1784;Découverte ancienne
1883;Découverte ancienne
2019;Fouille
1874;Découverte ancienne
1878;Découverte ancienne
1901;Découverte ancienne
1847;Découverte ancienne
1893;Découverte ancienne
1913;Découverte ancienne
1912;Découverte ancienne
1925;
1933;Découverte ancienne
1933;Découverte ancienne
1923;Découverte ancienne
1925;Découverte ancienne
1918 - 1919;Découverte ancienne
1928;Découverte ancienne
1961;
1852;Découverte ancienne
1937;Découverte ancienne
1937;Découverte ancienne
1958;
1959;
1908;Découverte ancienne
1981;Sauvetage urgent
1967-1973;Sondage
1978;
1976 - 1983;Fouille
1958;Découverte ancienne
1952 - 1953;
"1994 ; 1995";Sauvetage urgent
1988;Sauvetage urgent
1986;Sondage
1906;Découverte ancienne
2012;Diagnostic
1903;Fouille
1866;Découverte ancienne
1854;Découverte ancienne
;Découverte ancienne
1996;Suivi de travaux
1924;Découverte ancienne
2015;Sondage
2005;Autres études
1911;Découverte ancienne
1935;Découverte ancienne
1991;Fouille
1630;Découverte ancienne
1992;Fouille
1855;Découverte ancienne
1887;Découverte ancienne
2005;Diagnostic
1888;Découverte ancienne
2018;Diagnostic
1902;Découverte ancienne
1887;Découverte ancienne
2013;Découverte fortuite
1924 - 1925;Découverte ancienne
1913;Suivi de travaux
1913;Découverte ancienne
1913;Découverte ancienne
1901;Découverte ancienne
1912;Découverte ancienne
1935;Découverte ancienne
1937;Découverte ancienne
1884;Découverte ancienne
1926;Découverte ancienne
1857;Découverte ancienne
1930;
2009;Étude documentaire
1962;Découverte ancienne
2009;Suivi de travaux
1936-1937;Découverte ancienne
;Découverte ancienne
1962;Sauvetage urgent
1863;Découverte ancienne
1962;Découverte ancienne
2017;Diagnostic
1972-1973;Autres études
1867;Découverte ancienne
1978;
1880 - 1882;Découverte ancienne
1977;Découverte fortuite
2019;Diagnostic
;Découverte ancienne
2005;Diagnostic
;Découverte ancienne
1895;Découverte ancienne
1997;Diagnostic
1916;Découverte ancienne
2014;Suivi de travaux
1883;Découverte ancienne
1865 ?;Découverte ancienne
1844;Découverte ancienne
1997;Sauvetage urgent
1862;Découverte ancienne
1999;Évaluation archéologique
;Découverte ancienne
2015;Diagnostic
1909;Découverte ancienne
1992;Sondage
;Découverte ancienne
1881;Découverte ancienne
1882;Découverte ancienne
1825;Découverte ancienne
1898;Découverte ancienne
1893;Découverte ancienne
1994;Sauvetage urgent
1922;Découverte ancienne
;Découverte ancienne
1903;Découverte ancienne
1913;Découverte ancienne
;Découverte ancienne
1925;Découverte ancienne
1842 ?;Découverte ancienne
1875 c.;Découverte ancienne
1998;Diagnostic
1922;Découverte ancienne
1997;Diagnostic
1868;Découverte ancienne
1925;Découverte ancienne
1877;Découverte ancienne
1850 - 1852;Découverte ancienne
1927;Découverte ancienne
2000;Diagnostic
1891;Découverte ancienne
2014;Diagnostic
1913;Découverte ancienne
1883;Découverte ancienne
1927;Découverte ancienne
1913;Découverte ancienne
1925;Découverte ancienne
1897 - 1898;Découverte ancienne
1913;Découverte ancienne
1926;Découverte ancienne
1912 - 1913;Découverte ancienne
1929;Découverte ancienne
1923;Découverte ancienne
1956;Découverte ancienne
1901;Découverte ancienne
1882 - 1883;Découverte ancienne
1914;Découverte ancienne
2017;Diagnostic
1920;Découverte ancienne
;Découverte ancienne
1922;Découverte ancienne
;Découverte ancienne
1930 - 1931;Découverte ancienne
1908;Découverte ancienne
1931;Découverte ancienne
1700;Découverte ancienne
1962;Suivi de travaux
1999;Diagnostic
1966;
1912;Découverte ancienne
1935;
1913;Découverte ancienne
1973 - 1974;Sauvetage urgent
1839;Découverte ancienne
1966;Sauvetage urgent
1891;Découverte ancienne
1972;Sauvetage urgent
1907;Découverte ancienne
1969;
"1866 ; 1867 ; 1868 ; 1869";Découverte ancienne
1987;Suivi de travaux
;Découverte ancienne
1994;Diagnostic
1675;Découverte ancienne
1985;Sauvetage urgent
1915;Étude documentaire
2014-2015;Fouille
1896;Découverte ancienne
1935;Découverte ancienne
1903;Découverte ancienne
1877 ?;Découverte ancienne
1925;
1886;Découverte ancienne
1862;Découverte ancienne
1926;Découverte ancienne
1898 - 1899;Découverte ancienne
1832;Découverte ancienne
1924;Découverte ancienne
1999;Diagnostic
1899;Suivi de travaux
1912;Découverte ancienne
1879;Découverte ancienne
1900;Découverte ancienne
1909;Découverte ancienne
1899;Découverte ancienne
1996-1998;Sondage
1928;
1904;Découverte ancienne
1996;Diagnostic
1965 - 1970;Fouille
1843;Découverte ancienne
1979;Suivi de travaux
1952;Découverte ancienne
1847;Découverte ancienne
1989;SP
1937;Découverte ancienne
1884;Découverte ancienne
1973 - 1974;Sauvetage urgent
1885;Découverte ancienne
1956;Suivi de travaux
1899;Découverte ancienne
1963;Découverte ancienne
1996;Diagnostic
1979;
1927;Découverte ancienne
1981;Sauvetage urgent
2014;Diagnostic
1975;
1860;Découverte ancienne
1975;Sauvetage urgent
2004;Diagnostic
1974;Sauvetage urgent
2016;Suivi de travaux
1970;
1991;
1993;Sondage
2009;Diagnostic
1979;Fouille
1907;
1976;
1996;Diagnostic
1982;
1999;Diagnostic
2011;Diagnostic
1898;Découverte ancienne
1893;Découverte ancienne
1858;Découverte ancienne
1881;Découverte ancienne
1911;
2003;Fouille
1885;Découverte ancienne
1990;
1990;Sondage
1960;
1994;Sauvetage urgent
1898;Découverte ancienne
1870;Découverte ancienne
1867;Découverte ancienne
1844;Découverte ancienne
;Découverte ancienne
1840;Découverte ancienne
1944;Découverte ancienne
1882;Découverte ancienne
1999;Diagnostic
1867;Découverte ancienne
2019;Diagnostic
2005;Diagnostic
1995;Diagnostic
1984 - 1990;Fouille
1997;Fouille
2012;Sondage
1995;Diagnostic
1914;Suivi de travaux
;Découverte ancienne
1924;
1898;Découverte ancienne
1911;Découverte ancienne
1899;Découverte ancienne
1902;Découverte ancienne
1868;Découverte ancienne
1913-1914;Découverte ancienne
1914-1915;Découverte ancienne
1934;Découverte ancienne
1912;Découverte ancienne
1932;Découverte ancienne
2003;Diagnostic
1921;Découverte ancienne
1914;Découverte ancienne
1930;Découverte ancienne
1882;Découverte ancienne
1925;Découverte ancienne
1972;Sondage
1928 - 1930;Découverte ancienne
2000;Évaluation archéologique
1964;Suivi de travaux
1994;Diagnostic
1965;
1865;Découverte ancienne
1913;Découverte ancienne
1892;Découverte ancienne
1938;Découverte ancienne
1913;Découverte ancienne
1973;Sauvetage urgent
1913;Découverte ancienne
1972;
2019;Diagnostic
1974;Découverte ancienne
2009;Diagnostic
1978;
1844;Découverte ancienne
1896;Découverte ancienne
1844;Découverte ancienne
1976;Suivi de travaux
1913;Découverte ancienne
1964;Découverte ancienne
1882;Découverte ancienne
1969;Suivi de travaux
2017;Diagnostic
1973;Sauvetage urgent
1889;Découverte ancienne
1974;Suivi de travaux
1884;Découverte ancienne
1995;Diagnostic
1910;Découverte ancienne
2010;Diagnostic
1994;Diagnostic
1976;Découverte ancienne
1874;Découverte ancienne
1983;Sauvetage urgent
1832;Découverte ancienne
1978 - 1979;Sauvetage urgent
2008;Étude documentaire
1903;Découverte ancienne
1946;Découverte ancienne
1994;Diagnostic
2019;Diagnostic
1882;Découverte ancienne
;Découverte ancienne
1880;Découverte ancienne
1995;Diagnostic
1871;Découverte ancienne
1895;Découverte ancienne
1913;Découverte ancienne
1906;Découverte ancienne
1997;Fouille
1882;Découverte ancienne
;Découverte ancienne
1852-1853;Découverte ancienne
2015;Fouille
1899;Découverte ancienne
2002;Diagnostic
1911;Découverte fortuite
1928-1930;
1882 - 1885;Découverte ancienne
1996;Diagnostic
1898 - 1899;Découverte ancienne
"1997 ; 1999";Diagnostic
2001;Diagnostic
2015;Découverte fortuite
1855-1861;Découverte ancienne
2010;Diagnostic
1989;Sauvetage urgent
2013;Fouille
1995;Sondage
1956 - 1957;Découverte ancienne
1957;
1925;Découverte ancienne
1961;Découverte ancienne
1989;Suivi de travaux
1925;Découverte ancienne
2005;Diagnostic
;Découverte ancienne
1889;Découverte ancienne
;Découverte ancienne
1871;Découverte ancienne
1879;Découverte ancienne
1845 ?;Découverte ancienne
2019;Diagnostic
1810;Découverte ancienne
1997;Diagnostic
;Découverte ancienne
1995;Diagnostic
1926;Découverte ancienne
1996;Diagnostic
1994;Suivi de travaux
1923;Découverte ancienne
1885;Découverte ancienne
1882;Découverte ancienne
1953;Découverte ancienne
1956;Découverte ancienne
1899;Découverte ancienne
2019;Diagnostic
2020;Diagnostic
1999;Fouille
2011;Suivi de travaux
2008;Diagnostic
;Diagnostic
1849 - 1857;Découverte ancienne
1949;Découverte ancienne
1911 - 1912;Découverte ancienne
2008;Fouille
1724;Découverte ancienne
1880;Découverte ancienne
1997;Diagnostic
1868;Découverte ancienne
2018;Diagnostic
2017;Suivi de travaux
1870;Découverte ancienne
1979;Suivi de travaux
1898;Découverte ancienne
1879;Découverte ancienne
1884;Découverte ancienne
1854;Découverte ancienne
1854;Découverte ancienne
1906;Découverte ancienne
1896;Découverte ancienne
1905;Découverte ancienne
1893;Découverte ancienne
1844;Découverte ancienne
2014;Diagnostic
1899;Découverte ancienne
1867;Découverte ancienne
2000;Diagnostic
2002;Diagnostic
;Découverte ancienne
1888;Découverte ancienne
1881;Découverte ancienne
1807;Découverte ancienne
1899;Découverte ancienne
1988-1989;Sondage
;Découverte ancienne
1899;Découverte ancienne
1844;Découverte ancienne
1914;Découverte ancienne
2002;Diagnostic
2005;Diagnostic
1997;Diagnostic
1899;
1874;Découverte ancienne
1858;Découverte ancienne
1995;Diagnostic
;Découverte ancienne
1844;Découverte ancienne
1844;Découverte ancienne
;Découverte ancienne
1927;Découverte ancienne
1899;Découverte ancienne
2014;Diagnostic
2018;Diagnostic
1858;Découverte ancienne
1871;Découverte ancienne
1887;Découverte ancienne
1884;Découverte ancienne
1910;Découverte ancienne
1866 - 1875;Découverte ancienne
1851;Découverte ancienne
1865-1866;Découverte ancienne
2018;Diagnostic
;Découverte ancienne
1876;Découverte ancienne
1874;Découverte ancienne
1902;Étude documentaire
1899;Découverte ancienne
1841;Découverte ancienne
1912;Découverte ancienne
1923;Découverte ancienne
1913;Découverte ancienne
1922 - 1923;Suivi de travaux
1924;Découverte ancienne
1909;Découverte ancienne
1924;Découverte ancienne
1928;Découverte ancienne
1932 - 1933;Découverte ancienne
1900;Découverte ancienne
1935;Découverte ancienne
1930;Découverte ancienne
1916;Découverte ancienne
1921;Découverte ancienne
1928;Découverte ancienne
1949;Découverte ancienne
1941;Découverte ancienne
"1955 ; 1956 ; 1957 ; 1958 ; 1959";Fouille
1957;
1957 - 1958;Suivi de travaux
1972;Découverte ancienne
1978;Suivi de travaux
1976 - 1977;Sondage
1968;Sondage
1965;Sondage
1981;Sauvetage urgent
1982;Sauvetage urgent
1911;Fouille
1913;Découverte ancienne
1988;Sauvetage urgent
1991;Sauvetage urgent
2002;Diagnostic
1979;
1987;Sauvetage urgent
1994;Diagnostic
1908;Découverte ancienne
1897;Découverte ancienne
2005;Suivi de travaux
2011;Diagnostic
2005 - 2006;Fouille
1990;Fouille
1912;Découverte ancienne
1994;Sondage
1658;Découverte ancienne
1610;Découverte ancienne
1855;Découverte ancienne
1994;Diagnostic
;Découverte ancienne
2011;Suivi de travaux
2012;Étude documentaire
1881;Découverte ancienne
2006;Étude documentaire
1902;Découverte ancienne
1863;Découverte ancienne
1870 - 1874;Découverte ancienne
1913;Découverte ancienne
1908;Découverte ancienne
;Découverte ancienne
1838;Découverte ancienne
1862;Découverte ancienne
2000;Diagnostic
1872-1873;Découverte ancienne
1998;Diagnostic
1879;Découverte ancienne
2004;Diagnostic
1877;Découverte ancienne
1877;Découverte ancienne
2003;Diagnostic
1914;Découverte ancienne
1880;Découverte ancienne
1868;Découverte ancienne
1878;Découverte ancienne
1875;Découverte ancienne
;Découverte ancienne
1882;Autres études
1844;Découverte ancienne
1899;Découverte ancienne
1865;Découverte ancienne
1879;Découverte ancienne
1899;Découverte ancienne
1844;Découverte ancienne
1748;Découverte ancienne
1844;Découverte ancienne
1864;Découverte ancienne
;Découverte ancienne
1883-1889;Découverte ancienne
1880;Découverte ancienne
1869 - 1870;Découverte ancienne
2015;Diagnostic
1865-1866;Découverte ancienne
1901;Découverte ancienne
2000;Suivi de travaux
1911;Découverte ancienne
1912 - 1913;Découverte ancienne
1911;Découverte ancienne
1916;Découverte ancienne
1923;Découverte ancienne
1920;Découverte ancienne
1931;Découverte ancienne
1930;Découverte ancienne
1940;Découverte ancienne
1942;
1963 - 1964;Fouille
1943;Découverte ancienne
1955;Suivi de travaux
1897;Découverte ancienne
1956;Sauvetage urgent
1979;
1969;Découverte fortuite
1968;Sondage
1976 - 1983;Dossier administratif
1964;Découverte ancienne
1982;Suivi de travaux
1994;Diagnostic
1911;Découverte ancienne
1989;SP
2010;Diagnostic
2001;Diagnostic
1992;
2000;Suivi de travaux
2000;Évaluation archéologique
2012;Étude documentaire
;Découverte ancienne
1911;
1857 - 1861;Découverte ancienne
2002;Sondage
1899;Découverte ancienne
1928 - 1929;Découverte ancienne
1913;Découverte ancienne
1958 - 1959;Sauvetage urgent
1990 - 1991;Sondage
1899;Découverte ancienne
1934;Découverte ancienne
2014;Suivi de travaux
1989;Sondage
1992;Diagnostic
1990;Sondage
1868;Découverte ancienne
1880;Découverte ancienne
2018;Sondage
1874;Découverte ancienne
1844;Découverte ancienne
2019;Diagnostic
1859;Découverte ancienne
1887;Découverte ancienne
1847 - 1848;Découverte ancienne
1863;Découverte ancienne
1990;Sauvetage urgent
1898;Découverte ancienne
1945;Découverte ancienne
1913;Découverte ancienne
1907;Découverte ancienne
1914;Découverte ancienne
1933;Découverte ancienne
1921;Découverte ancienne
1943;
1974;Sauvetage urgent
1975;Sauvetage urgent
1967-1968;Découverte ancienne
1972;Suivi de travaux
1967;Découverte fortuite
1979;
1982;Sauvetage urgent
1993;Sauvetage urgent
1983;Sauvetage urgent
2010;Diagnostic
2002;Diagnostic
1996;Diagnostic
1999;
2000;
1920;Étude documentaire
2006;Diagnostic
1861;Découverte ancienne
1995;Diagnostic
1905;Découverte ancienne
;Découverte ancienne
;Découverte ancienne
1861;Découverte ancienne
1899;Découverte ancienne
1905;Découverte ancienne
2004;Diagnostic
1906;Découverte ancienne
1913;Découverte ancienne
1844;Découverte ancienne
2008;Diagnostic
;Découverte ancienne
1933;Découverte ancienne
1860;Découverte ancienne
1969;Découverte fortuite
1941;Découverte ancienne
2014;Diagnostic
1905 - 1906;Découverte ancienne
1901;Suivi de travaux
2012;Diagnostic
1900;Découverte ancienne
2001;Diagnostic
1899;Découverte ancienne
2004;Diagnostic
1899;Découverte ancienne
1853 - 1856;Découverte ancienne
1841;Découverte ancienne
1904;Découverte ancienne
1902;Découverte ancienne
1898;Découverte ancienne
1994 - 1995;Diagnostic
2014;Diagnostic
1927;Découverte ancienne
1893 - 1894;Découverte ancienne
1933;
1863;Découverte ancienne
1996;Sondage
1700;Découverte ancienne
1836;Découverte ancienne
1898;Découverte ancienne
1847;Découverte ancienne
1844;Découverte ancienne
1921;Découverte ancienne
1899;Découverte ancienne
1868 - 1869;Découverte ancienne
1899;Découverte ancienne
2019;Diagnostic
1901;
;Découverte ancienne
1868;Découverte ancienne
1846;Découverte ancienne
1620;Découverte ancienne
2008;Sondage
1863;Découverte ancienne
2000;Diagnostic
1865;Découverte ancienne
1876;Découverte ancienne
1869;Découverte ancienne
"1865 ; 1866";Découverte ancienne
;Découverte ancienne
1880;Découverte ancienne
1865;Découverte ancienne
2016;Sondage
1896;Découverte ancienne
1873;Découverte ancienne
1882;Découverte ancienne
;Découverte ancienne
1868;Découverte ancienne
1899;Découverte ancienne
"1884 ; 1894";Découverte ancienne
2018;Diagnostic
1906;Découverte ancienne
1893;Découverte ancienne
1901;Découverte ancienne
1898;Découverte ancienne
;Découverte ancienne
1898;Découverte ancienne
1994 - 1995;Fouille
1892;Découverte ancienne
1913;Découverte ancienne
1904;Découverte ancienne
1928;Découverte ancienne
1898;Découverte ancienne
1914;Découverte ancienne
1901;Découverte ancienne
1907-1915;Découverte ancienne
1901;Découverte ancienne
1922;Découverte ancienne
1953;Découverte fortuite
1926;Découverte ancienne
;Découverte ancienne
1935;Découverte ancienne
1844;Découverte ancienne
1911;Découverte ancienne
1858;Suivi de travaux
1932;Découverte ancienne
1904 - 1905;Découverte ancienne
1924;Découverte ancienne
1898;Découverte ancienne
1923;Découverte ancienne
1918;Découverte ancienne
1928;Découverte ancienne
1910;Découverte ancienne
1964;
1844;Découverte ancienne
1955;
1876 - 1877;Découverte ancienne
1956;Sondage
2019;Diagnostic
1938;
1844;Découverte ancienne
1957;
1906;Découverte ancienne
1968;Découverte ancienne
1898;Découverte ancienne
1962;Suivi de travaux
1902;Découverte ancienne
1972 - 1973;Sauvetage urgent
1913;Découverte ancienne
1980;Sauvetage urgent
1925;Découverte ancienne
1967;
1885;Découverte ancienne
1975;Suivi de travaux
1896;Découverte ancienne
1971 - 1972;Fouille
1888;Découverte ancienne
1982;Suivi de travaux
1906;Découverte ancienne
1982 - 1983;Sondage
1900;Découverte ancienne
1958;Découverte ancienne
1898;Découverte ancienne
1982;Sauvetage urgent
1986;
2006;Diagnostic
1985;Sauvetage urgent
1995;Suivi de travaux
1889;Découverte ancienne
2006 - 2008;Fouille
1998;Étude documentaire
1977;
1882;Découverte ancienne
2013;Diagnostic
2009;Diagnostic
1923;Découverte ancienne
1901;Découverte ancienne
2014;Étude documentaire
1994;Sondage
1990;Suivi de travaux
2018;Fouille
1980;Suivi de travaux
1882;Découverte ancienne
2017;Diagnostic
1844;Découverte ancienne
2002;Diagnostic
1881;Découverte ancienne
2012;Découverte fortuite
1996 - 1997;Diagnostic
1900;Découverte ancienne
1914 - 1915;Découverte ancienne
1912;Découverte ancienne
1926;
1925-1927;Découverte ancienne
1927;Suivi de travaux
1912;Découverte ancienne
1935;Découverte ancienne
1928;Découverte ancienne
1962;Suivi de travaux
1949;
1954;Découverte ancienne
1937;Découverte ancienne
1930;Découverte ancienne
1963;
1981;Suivi de travaux
1981;Suivi de travaux
1981;Découverte fortuite
1911;Découverte ancienne
2010;Diagnostic
1982;Suivi de travaux
1988;Sauvetage urgent
2010;Diagnostic
2002;Diagnostic
1910;Découverte ancienne
1994;Sauvetage urgent
1911;Découverte ancienne
;Découverte ancienne
1853;Découverte ancienne
1997;Diagnostic
2003;Suivi de travaux
1898 - 1899;Découverte ancienne
1922;Découverte ancienne
1958;Sondage
1959;Suivi de travaux
1960;Sondage
1912;Découverte ancienne
2015;Fouille
1925;Découverte ancienne
1883;Découverte ancienne
1899;Découverte ancienne
1898;Découverte ancienne
1806;Découverte ancienne
;Découverte ancienne
;Découverte ancienne
1903;Sondage
1995;Diagnostic
1995;Diagnostic
2004;Diagnostic
2005;Diagnostic
2018;Sondage
1881;Découverte ancienne
1881;Découverte ancienne
1885;Découverte ancienne
1889;Découverte ancienne
1907;Découverte ancienne
;Découverte ancienne
1852;Découverte ancienne
1993;Diagnostic
1860 - 1861;Découverte ancienne
1859;Découverte ancienne
2007;Diagnostic
1850;Découverte ancienne
1856;Découverte ancienne
1947-1956;Découverte ancienne
;Découverte ancienne
1883;Découverte ancienne
;Découverte ancienne
1904;Découverte ancienne
1920;Découverte ancienne
2002;Diagnostic
1902;Découverte ancienne
1903;Découverte ancienne
1852;Découverte ancienne
1880-1882;Découverte ancienne
1866;Découverte ancienne
1865;Découverte ancienne
;Découverte ancienne
1997;Diagnostic
1995;Diagnostic
;Découverte ancienne
;Découverte ancienne
2016;Diagnostic
2003;Diagnostic
1998;Diagnostic
;Découverte ancienne
1916;Découverte ancienne
1899;Découverte ancienne
;Découverte ancienne
1869;Découverte ancienne
1914;Découverte ancienne
1846;Découverte ancienne
1894;Découverte ancienne
1900;
1866;Découverte ancienne
1875;Découverte ancienne
1997;Sauvetage urgent
1925;Découverte ancienne
1915;Découverte ancienne
1915;Découverte ancienne
1912;Découverte ancienne
1924;Découverte ancienne
1921;Découverte ancienne
1922-1923;Découverte ancienne
1932;Découverte ancienne
1935;Découverte ancienne
1972;Découverte fortuite
1910;Découverte ancienne
1933;
1938;
1899;Découverte ancienne
1935;Découverte ancienne
1959 - 1960;Fouille
1967;Découverte ancienne
1966;Suivi de travaux
1956;Découverte ancienne
1973;
1970;
1993;Sauvetage urgent
1998;Diagnostic
1976;Suivi de travaux
1983 - 1987;Fouille
1983 - 1984;Fouille
1984;Découverte fortuite
1984;Dossier administratif
1985;Sauvetage urgent
1996;Découverte fortuite
2015;Diagnostic
1911;Découverte ancienne
1913;Découverte ancienne
1996;Diagnostic
1842;Découverte ancienne
1843;Découverte ancienne
2003;Diagnostic
1898;Découverte ancienne
2011;Diagnostic
1864;Découverte ancienne
1913;Découverte ancienne
;Découverte ancienne
1965;Découverte fortuite
1920-1923;
1992;Sondage
1992;Sondage
1992;Diagnostic
1992;
2011;Diagnostic
1889;Découverte ancienne
"1857 ; 1873 ; 1895";Découverte ancienne
1994;Diagnostic
1824;Découverte ancienne
1844;Découverte ancienne
1995;Diagnostic
1849 - 1864;Découverte ancienne
1908;Découverte ancienne
1876 - 1877;Découverte ancienne
1856;Découverte ancienne
1909;Étude du bâti
1913;Découverte ancienne
;Découverte ancienne
;Découverte ancienne
1851;Découverte ancienne
2009;Suivi de travaux
1895;Découverte ancienne
1997;Évaluation archéologique
1899;Découverte ancienne
1891;Suivi de travaux
2007;Diagnostic
"1846 ; 1856";Découverte ancienne
1863;Découverte ancienne
;Découverte ancienne
1999;Fouille
2015;Suivi de travaux
2000;Fouille
1881;Découverte ancienne
1912;Découverte ancienne
1910;Découverte ancienne
1999;Diagnostic
1906;Découverte ancienne
1887;Découverte ancienne
1862;Découverte ancienne
;Découverte ancienne
;Découverte ancienne
1907;Découverte fortuite
2008;Diagnostic
2011;Fouille
1988;Sauvetage urgent
2015;Diagnostic
1865;Découverte ancienne
1867;Découverte ancienne
1887;Découverte ancienne
;Diagnostic
2017;Diagnostic
2000;Diagnostic
1898;Suivi de travaux
;Découverte ancienne
1844;Découverte ancienne
1864;Découverte ancienne
1845;Découverte ancienne
2013;Fouille
1873;Découverte ancienne
1807;Découverte ancienne
1872;Découverte ancienne
1996;Diagnostic
2017;Diagnostic
;Découverte ancienne
1902;Découverte ancienne
2019;Diagnostic
2019;Diagnostic
1852 - 1853;Découverte ancienne
;Découverte ancienne
1846;Découverte ancienne
1837;Découverte ancienne
1995;Fouille
1853;Découverte ancienne
1846;Découverte ancienne
1893;Découverte ancienne
2011;Diagnostic
1852;Découverte ancienne
;Découverte ancienne
1868;Découverte ancienne
1868;Découverte ancienne
"1882;1884";Découverte ancienne
1818;Découverte ancienne
1994;Diagnostic
1875;Découverte ancienne
;Découverte ancienne
1869;Découverte ancienne
1903;Découverte ancienne
;Découverte ancienne
"1846 ; 1847 ; 1848";Découverte ancienne
1996;Fouille
;Découverte ancienne
1863 - 1864;Découverte ancienne
1899;Découverte ancienne
1903;Découverte ancienne
1900;Découverte ancienne
1847;Découverte ancienne
1857;Découverte ancienne
2001;Diagnostic
1826;Découverte ancienne
1910 - 1911;Découverte ancienne
1908;Découverte ancienne
1912;Découverte ancienne
1907-1908;Découverte ancienne
1923;Découverte ancienne
1923;Découverte ancienne
1935;Découverte ancienne
1922;
1922;
1924 - 1925;Découverte ancienne
1925;Découverte ancienne
1925;Découverte ancienne
1924;Découverte ancienne
1928;Découverte ancienne
1931;Découverte ancienne
1929;Découverte ancienne
1959 - 1961;
1946;
1963;
1963;Sauvetage urgent
1980;
1974;Suivi de travaux
1974;Sauvetage urgent
;
1994;Diagnostic
1977;Suivi de travaux
1983;
1989;Suivi de travaux
1984;Suivi de travaux
2001;Diagnostic
2011;Diagnostic
1939;Découverte ancienne
2011;Diagnostic
1861;Découverte ancienne
1994;Diagnostic
1899;Découverte ancienne
2005;Diagnostic
1913;Découverte ancienne
1915;Découverte ancienne
1911;Découverte ancienne
;Découverte ancienne
2008;Diagnostic
1928;Découverte ancienne
1998;Fouille
1912;Découverte ancienne
1892;Découverte ancienne
1997;Diagnostic
1873;Découverte ancienne
1899;Découverte ancienne
1898;Découverte ancienne
1996;Sauvetage urgent
1991;Sondage
2019;Diagnostic
après 1864;Découverte ancienne
1931;Découverte ancienne
1897;Découverte ancienne
1923;Découverte ancienne
1914;Découverte ancienne
1915;Découverte ancienne
1898;Fouille
1911;Découverte ancienne
1927;Découverte ancienne
1927;
1925-1926;Découverte ancienne
1936;Découverte ancienne
1929 - 1931;Découverte ancienne
1928;Découverte ancienne
1928;Suivi de travaux
1961-1962;Découverte ancienne
1962;Découverte ancienne
1938;
1907-1909;Découverte ancienne
1960-1961;Découverte ancienne
1974-1975;Sauvetage urgent
1979;Sondage
1981;Découverte fortuite
1965-1669;Fouille
1977 - 1978;Sauvetage urgent
2009;Diagnostic
2001;Évaluation archéologique
1903;Découverte ancienne
1996;Diagnostic
1997;Diagnostic
1860;Découverte ancienne
1853;Découverte ancienne
1994;Sondage
1999;Sondage
1846;Découverte ancienne
;Découverte ancienne
1881;Découverte ancienne
;Découverte ancienne
1889;Découverte ancienne
;Découverte ancienne
1993;Diagnostic
1876 - 1877;Découverte ancienne
1994;Sauvetage urgent
1853;Découverte ancienne
1839;Découverte ancienne
2013;Découverte fortuite
1862;Découverte ancienne
1934;
1882;Découverte ancienne
1881;Découverte ancienne
1903;Diagnostic
1903;Suivi de travaux
1912;Découverte ancienne
;Découverte ancienne
;Découverte ancienne
1946;Découverte ancienne
;Découverte ancienne
1904;Découverte ancienne
1898;Découverte ancienne
1896;Découverte ancienne
1878 - 1879;Découverte ancienne
1874;Découverte ancienne
"1857 ; 1865-1867";Découverte ancienne
1993;Sondage
1910;Suivi de travaux
1910;Découverte ancienne
1880;Découverte ancienne
2010;Diagnostic
1844;Découverte ancienne
1902;Découverte ancienne
1931;Découverte ancienne
1898;Découverte ancienne
2014;Suivi de travaux
2017;Suivi de travaux
;Découverte ancienne
1844;Découverte ancienne
1901;Découverte ancienne
1913;Découverte ancienne
1853;Découverte ancienne
1895;Découverte ancienne
1905;Découverte ancienne
;Découverte ancienne
1909;Découverte ancienne
1831;Découverte ancienne
1894-1895;Découverte ancienne
1845;Découverte ancienne
1916;
1879;Découverte ancienne
1894;Découverte ancienne
1844;Découverte ancienne
1908;Découverte ancienne
1995;Diagnostic
1994;Diagnostic
1899;Découverte ancienne
1910;Découverte ancienne
1876 - 1877;Découverte ancienne
2017;Sondage
2017;Sondage
1807;Découverte ancienne
1901;Découverte ancienne
2001;Évaluation archéologique
;Découverte ancienne
1856;Découverte ancienne
1901;Découverte ancienne
1911;Découverte ancienne
2000;Fouille
1996 - 1997;Sondage
1875;Découverte ancienne
1900;Sondage
2017;Diagnostic
2006;Diagnostic
1863;Découverte ancienne
"1882 ; 1884";Découverte ancienne
1898;Découverte ancienne
1898 - 1899;Découverte ancienne
;Découverte ancienne
1994;Diagnostic
1644;Découverte ancienne
1906;Suivi de travaux
;Découverte ancienne
1847;Découverte ancienne
;Découverte ancienne
1913 - 1914;Découverte ancienne
2000;Diagnostic
;Découverte ancienne
"1892 ; 1894";Découverte ancienne
1870;Découverte ancienne
1882;Découverte ancienne
1998;Diagnostic
2015;Fouille
1898;Découverte ancienne
1997;Diagnostic
1993;Découverte fortuite
1863 - 1864;Découverte ancienne
1865;Découverte ancienne
2019;
1914;Découverte ancienne
1925;Découverte ancienne
1913 - 1914;Découverte ancienne
1908;Découverte ancienne
1915;Découverte ancienne
1932;Découverte ancienne
1924;Étude documentaire
1963;Sauvetage urgent
1964;
1973 - 1974;Sauvetage urgent
1966 - 1967;
1963;Sondage
1980;Fouille
1972;
1975;Sauvetage urgent
1938;
1993;Sondage
1976;Suivi de travaux
1986;Sauvetage urgent
2007;Diagnostic
1921;Découverte ancienne
1903;Découverte ancienne
;Découverte ancienne
2011;Diagnostic
1994;Diagnostic
2010;Diagnostic
1994;Diagnostic
1928-1930;Découverte ancienne
2003;Fouille
2003 - 2005;Fouille
1868;Découverte ancienne
1958;Découverte ancienne
1993 - 1994;Sauvetage urgent
2007;Diagnostic
1894;Découverte fortuite
1847;Découverte ancienne
;Découverte ancienne
1995;Diagnostic
1862;Découverte ancienne
1932;Découverte ancienne
1991;Sauvetage urgent
1846;Découverte ancienne
1928;Découverte ancienne
1995;Diagnostic
1997;Diagnostic
1934;Découverte ancienne
2011;Suivi de travaux
1899;Découverte ancienne
1901;Découverte ancienne
2012;Fouille
1895;Découverte ancienne
1898 - 1899;Découverte ancienne
1914;Découverte ancienne
1899;Découverte ancienne
;Découverte ancienne
1902;Étude du bâti
1885;Découverte ancienne
2006;Diagnostic
1913;Découverte ancienne
1999;Évaluation archéologique
2003;Diagnostic
1998;Fouille
;
1894;Découverte ancienne
;Découverte ancienne
1847;Découverte ancienne
1844;Découverte ancienne
1864 - 1865;Découverte ancienne
1858;Découverte ancienne
1876;Découverte ancienne
1999;Sondage
2016;Diagnostic
1710;Découverte ancienne
1860 - 1861;Découverte ancienne
1852 - 1853;Découverte ancienne
1844;Découverte ancienne
1907 - 1908;Fouille
1921;Découverte ancienne
1913;Découverte ancienne
1934;Découverte ancienne
1935;Découverte ancienne
1922 - 1923;Suivi de travaux
1924;Découverte ancienne
1949;
1911;Découverte ancienne
1973;Suivi de travaux
1974;Sauvetage urgent
1974 - 1982;Fouille
1967;Découverte ancienne
1962;
1913;Découverte ancienne
1986 - 1987;Fouille
1975;Suivi de travaux
1982 - 1983;Suivi de travaux
1993;Suivi de travaux
1983;Fouille
1993;Diagnostic
2001;Évaluation archéologique
1915;Découverte ancienne
1913;Découverte ancienne
1897;Découverte ancienne
1877;Découverte ancienne
2005;Diagnostic
1874;Découverte ancienne
2004;Fouille
;Découverte ancienne
1892;Découverte ancienne
1869;Découverte ancienne
;Découverte ancienne
1994;Diagnostic
1892;Découverte ancienne
1901;Découverte ancienne
1907;Découverte ancienne
;Découverte ancienne
1997;Fouille
1993;Sondage
1873;Découverte ancienne
1882;Découverte ancienne
1934;
2019;Diagnostic
;Découverte ancienne
;Découverte ancienne
;Découverte ancienne
2010;Diagnostic
2011;Suivi de travaux
1895;Découverte ancienne
1997;Diagnostic
1931;Découverte ancienne
1899;Découverte ancienne
1905;Découverte ancienne
1841;Découverte ancienne
1980;Suivi de travaux
1892;Découverte ancienne
1912;Découverte ancienne
1897;Découverte ancienne
;Découverte ancienne
1901;Découverte ancienne
1844;Découverte ancienne
1859;Découverte ancienne
1865 -  1866 - 1867;Découverte ancienne
1884;Découverte ancienne
1845;Découverte ancienne
1924;Découverte ancienne
2019;Diagnostic
2019;Diagnostic
1889;Découverte ancienne
1880;Découverte ancienne
1882;Fouille
1918;Découverte fortuite
1884;Découverte ancienne
2018;Diagnostic
1846;Découverte ancienne
1981-1982;Diagnostic
1860;Découverte ancienne
1847;Découverte ancienne
1865 - 1866;Découverte ancienne
1913 - 1914;Découverte ancienne
1910 - 1911;Découverte ancienne
1912 - 1913;Découverte ancienne
1928;Découverte ancienne
1932;Découverte ancienne
1913;Découverte ancienne
1930;Découverte ancienne
1930;
1962;Découverte ancienne
1938;
1940;Découverte ancienne
1938;Étude documentaire
1907;Découverte ancienne
1970 - 1971;Sauvetage urgent
1967 - 1968;Découverte ancienne
1972;Découverte fortuite
1964;Découverte fortuite
1963 - 1964;Découverte ancienne
2010;Étude documentaire
1973;Suivi de travaux
1984;
1990;Fouille
;Découverte ancienne
;Découverte ancienne
1844;Découverte ancienne
1911;Découverte ancienne
1994;Diagnostic
1903 - 1904;Sondage
2003;Diagnostic
2006;Diagnostic
1880-1882;Découverte ancienne
1902;
1992;Sauvetage urgent
2017;Suivi de travaux
1870;Découverte ancienne
1870;Découverte ancienne
1880-1882;Découverte ancienne
1996;Diagnostic
1991;Sondage
1810;Découverte ancienne
1994;Diagnostic
1844;Découverte ancienne
1875;Découverte ancienne
1995;Diagnostic
1928;Découverte ancienne
;Découverte ancienne
1995;Diagnostic
2011;Étude documentaire
1881;Découverte ancienne
1899;Découverte ancienne
